idx	page	functionality	verification_result	related_issues	action	created_issue	notes	date
1	Dataverse Page	Save Linked Search	Confirmed missing: legacy Link > Link Search dialog exists; SPA Link dropdown offers only Link Collection	IQSS/dataverse-frontend#546 (customizable collection page; not a duplicate)	issue-created	https://github.com/jp-tosca/dv-modern-fc/issues/1	backfilled from existing issue	2026-09-16
2	Dataverse Page	Manage Permissions Shortcut	Confirmed incomplete: SPA collection edit menu Permissions entry opens NotImplementedModal	IQSS/dataverse-frontend#830, #831 (corroborating); #158/#159 (dataset-level, not duplicate)	issue-created	https://github.com/jp-tosca/dv-modern-fc/issues/2	backfilled from existing issue	2026-09-16
3	Dataverse Page	Manage Groups Shortcut	Confirmed incomplete: SPA collection edit menu Groups entry opens NotImplementedModal	IQSS/dataverse-frontend#830, #831 (corroborating); jp-tosca/dv-modern-fc#2 (same root cause)	issue-created	https://github.com/jp-tosca/dv-modern-fc/issues/3	backfilled from existing issue	2026-09-16
4	Site Header	Dismiss Banner Message	Confirmed missing: admin-configured banner messages render in legacy header, not rendered at all in SPA	IQSS/dataverse-frontend#246 (different 'try the new UI' banner; not a duplicate)	issue-created	https://github.com/jp-tosca/dv-modern-fc/issues/4	backfilled from existing issue	2026-09-16
5	Site Header	Go to Dashboard	Confirmed missing: no Dashboard entry in SPA header user dropdown (no user.superuser branch in LoggedInHeaderActions.tsx); /modern/dashboard redirects to /modern/404; no dashboard route in Route.enum.ts and no dashboard i18n string	IQSS/dataverse-frontend#258, #309, #603 (dashboard sub-feature enhancements that presuppose a dashboard, not duplicates); IQSS/dataverse#11336 (legacy dashboard user-list sort bug, unrelated)	issue-created	https://github.com/jp-tosca/dv-modern-fc/issues/5	screenshots 005-header-dashboard-{legacy,modern}.png; no test data created; both sessions were already logged in as dataverseAdmin	2026-09-16
6	Theme & Widgets	View Theme Tab	Confirmed stubbed: 'Theme + Widgets' entry present in SPA collection Edit dropdown but wired to handleNotImplementedClick -> NotImplementedModal (EditCollectionDropdown.tsx); no theme route/component; legacy Theme tab has Inherit Theme, Logo/Thumbnail/Footer image upload, header Background/Link/Text colors, Tagline, Website	IQSS/dataverse-frontend#268 (logo image via API + SPA should retain logo customization; overlaps on logo only, narrower); #298 (adds distinct thumbnail to theme page, extension); #514 (closed/completed personalizable-collections analysis, did not deliver theme form); IQSS/dataverse#12669 (legacy theme form bug)	issue-created	https://github.com/jp-tosca/dv-modern-fc/issues/6	screenshots 006-theme-tab-{legacy,modern}.png; used existing QA Test Collection (id=2, alias qa-test-collection), no test data created; OS-clipboard paste stopped working mid-session, switched to synthetic ClipboardEvent with File objects loaded via file_upload into a temporary injected input	2026-09-16
18	Theme & Widgets	View Widget Embed Code	Confirmed absent: legacy Widgets tab shows Dataverse Search Box and Dataverse Listing widgets.js embed snippets for a published collection (verified on root, id=1) and a publish-first explainer when unpublished; SPA has no widgets tab/route/i18n and the single Theme + Widgets entry opens NotImplementedModal	jp-tosca/dv-modern-fc#6 (covers the Theme half of the same legacy page; this is the Widgets half, not covered by #6 criteria); no upstream widget issue found (#268/#298 are logo/thumbnail only)	issue-created	https://github.com/jp-tosca/dv-modern-fc/issues/7	screenshots 018-widgets-tab-{legacy,modern}.png; used the existing published root collection because the Widgets tab only renders embed code for a released collection (QA Test Collection is unpublished) - nothing was published or otherwise modified	2026-09-16
19	Dataset Thumbnails & Widgets	Upload Dataset Thumbnail	Confirmed stubbed: legacy Thumbnail tab supports upload (JPG/PNG, 500KB, 140x140), select-from-file, remove, Save and Cancel; the SPA's 'Thumbnails + Widgets' entry in the dataset Edit menu calls showModal() and there is no thumbnail-management route.	IQSS/dataverse-frontend#203 (displaying a dataset citation thumbnail - display only, not management); #298 (collection thumbnail); jp-tosca/dv-modern-fc#6 and #7 (collection-level counterparts)	issue-created	https://github.com/jp-tosca/dv-modern-fc/issues/18	legacy verified in browser: thumbnail uploaded through the page (preview + Remove button appeared) and the Widgets tab captured on the published test dataset doi:10.5072/FK2/PJQ8FH. Screenshots 019-dataset-thumbnail-legacy.png, 024-dataset-widgets-legacy.png. SPA stub confirmed in EditDatasetMenu.tsx (THUMBNAILS_PLUS_WIDGETS -> showModal()); the modern capture is the shared NotImplementedModal taken from the collection Edit menu, because the SPA session expired and re-authenticating needs a password.	2026-09-17
38	Dataset Page	Manage Dataset Permissions	Confirmed stubbed: legacy Edit Dataset -> Permissions -> Dataset opens permissions-manage.xhtml (Users/Groups with roles, Assign Roles to Users/Groups, Remove Assigned Role); the SPA renders the Permissions submenu but the whole dropdown is wired to onSelect=showModal.	jp-tosca/dv-modern-fc#2 (collection-level counterpart); #18, #19 (sibling dataset Edit menu stubs)	issue-created	https://github.com/jp-tosca/dv-modern-fc/issues/20	legacy dataset Permissions page verified in browser on draft test dataset id=4 (screenshot 038-dataset-permissions-legacy.png). SPA stub confirmed in EditDatasetPermissionsMenu.tsx (onSelect=showModal). File-permissions screen not screenshotted: it lists restricted files and access requests, and no data file can exist here (s3-only storage driver with placeholder AWS credentials, no S3 service in the dev stack). Modern capture is the shared NotImplementedModal from the collection Edit menu pending SPA re-authentication.	2026-09-17
40	Dataset Page	Create Private URL	Confirmed stubbed: legacy Edit Dataset -> Preview URL opens a dialog offering 'Create General Preview URL' for a draft; the SPA's Private URL entry calls showModal(). The SPA can CONSUME a token (getDatasetByPrivateUrlToken) but cannot create one.	IQSS/dataverse-frontend#1025 (open: opening a dataset via Preview URL 404s in the SPA - the consumption side, complementary)	issue-created	https://github.com/jp-tosca/dv-modern-fc/issues/19	legacy verified in browser on the draft test dataset doi:10.5072/FK2/8PW3WO: dialog created a general preview URL and showed Copy to Clipboard and Disable (screenshot 040-preview-url-legacy.png). SPA stub confirmed in EditDatasetMenu.tsx (PRIVATE_URL -> showModal()); modern capture is the shared NotImplementedModal from the collection Edit menu pending SPA re-authentication.	2026-09-17
45	Dataset Page	Change Curation Status	Confirmed stubbed (REVISED after authenticated re-check): this install DOES configure curation labels and the SPA renders them - the Publish Dataset menu has a 'Change Curation Status' submenu listing Author Contacted, Privacy Review, Awaiting Paper Publication, Final Approval and Remove Current Status - but selecting any opens the Not Implemented modal (ChangeCurationStatusMenu.tsx handleItemClick -> showModal). My earlier note that curation labels were unconfigured was WRONG.	jp-tosca/dv-modern-fc#18, #19, #20 (same NotImplementedModal pattern); sibling Submit for Review stubbed the same way	issue-created	https://github.com/jp-tosca/dv-modern-fc/issues/22	verified logged in 2026-09-17 on draft dataset doi:10.5072/FK2/Q9LZAD; screenshots 045-curation-menu-modern.png, 045-curation-notimplemented-modern.png. Supersedes earlier not-reproducible record.	2026-09-17
55	Move Dataset	Search/Select Dataset to Move	Confirmed absent: legacy /dashboard-movedataset.xhtml offers a sourceDatasetMenu type-ahead by persistent ID; the SPA has no move route or component (zero moveDataset/moveCollection/moveDataverse matches under src/, nothing in Route.enum.ts) and no dashboard to reach one from - /modern/dashboard/move-dataset falls through to /modern/404	jp-tosca/dv-modern-fc#5 (no SPA dashboard - prerequisite); IQSS/dataverse-frontend#309 (sibling: move collection); #603 (forced move); #498 (post-move alert links); IQSS/dataverse#8269 (legacy page usability)	issue-created	https://github.com/jp-tosca/dv-modern-fc/issues/8	screenshots 055-move-dataset-{legacy,modern}.png; modern shot is the route-level 404 captured while logged out - the route is absent from Route.enum.ts so this is a missing route, not a permission denial	2026-09-17
90	Manage Guestbooks	Delete Guestbook	Confirmed stubbed: legacy /manage-guestbooks.xhtml offers Create Dataset Guestbook plus per-guestbook enable/disable, edit, copy, view-responses and delete-with-confirmation; the SPA's 'Dataset Guestbooks' entry in the collection Edit dropdown is wired to NotImplementedModal and there is no guestbooks route.	jp-tosca/dv-modern-fc#6, #2, #3 (sibling stubs in the same dropdown). Nothing found upstream.	issue-created	https://github.com/jp-tosca/dv-modern-fc/issues/16	legacy verified in browser (screenshot 090-guestbooks-legacy.png); SPA stub confirmed in EditCollectionDropdown.tsx (onClick=handleNotImplementedClick). Modern screenshot 006-theme-tab-modern.png shows the same Edit dropdown listing this entry with the shared NotImplementedModal open - a capture triggered specifically from this entry is pending SPA re-authentication.	2026-09-17
93	Manage Templates	Make Default Template	Confirmed stubbed: legacy /manage-templates.xhtml offers Create Dataset Template plus make-default/unset-default, edit, copy and delete; the SPA's 'Dataset Templates' entry in the collection Edit dropdown is wired to NotImplementedModal and there is no templates route or editor.	jp-tosca/dv-modern-fc#16, #6, #2, #3 (sibling stubs in the same dropdown). Nothing found upstream.	issue-created	https://github.com/jp-tosca/dv-modern-fc/issues/17	legacy verified in browser (screenshot 093-templates-legacy.png); SPA stub confirmed in EditCollectionDropdown.tsx. Modern screenshot 006-theme-tab-modern.png shows the same Edit dropdown listing this entry with the shared NotImplementedModal open - a capture triggered specifically from this entry is pending SPA re-authentication.	2026-09-17
105	Account Information	Edit Account Information	Confirmed missing: legacy Account Information offers an 'Edit Account' dropdown (Edit Account Information / Change Password); the SPA's AccountInfoSection.tsx renders a read-only table with in-source TODOs for exactly these capabilities.	IQSS/dataverse-frontend#712 (closed, navigation bug on the same tab); #1020, #1022 (account-creation proposals that assume editability); #652 (closed - login delegated to Keycloak, relevant to who owns password change)	issue-created	https://github.com/jp-tosca/dv-modern-fc/issues/21	legacy verified in browser (screenshot 105-account-info-legacy.png: Edit Account dropdown, email 'Not Verified' + Send Verification Email). SPA side established from source, unusually conclusively: AccountInfoSection.tsx is a read-only table carrying the authors' own TODOs for edit/password/verified-email, and account.json has no matching strings. No SPA screenshot - session expired and password entry was out of scope.	2026-09-17
113	Account Information	Contact Support	Confirmed missing: legacy carries 'User Guide' and 'Support' in the site header on every page (headerSupportLink opens the installation contact form); the SPA header has only Language, Add Data and the user menu (or Log In), with no support or guide link anywhere. The SPA's only contact affordance is the per-collection 'Email Collection Contact' modal, which has a different recipient and is not reachable from account or dataset pages.	jp-tosca/dv-modern-fc#21, #24 (sibling account-area gaps); #10 (other missing header affordance). Related list rows 95, 104, 222 and 229 are the same missing support route seen from other pages.	issue-created	https://github.com/jp-tosca/dv-modern-fc/issues/26	both sides verified logged in 2026-09-17; screenshots 105-account-info-legacy.png (legacy header with User Guide + Support) and 105-account-info-modern.png (SPA header without). Supersedes the earlier record.	2026-09-17
114	Notifications	Manage Muted Email Notifications	Confirmed missing: the SPA Notifications tab lists notifications with per-row dismiss and Clear All Notifications but has no notification-settings panel. Legacy has a collapsible 'Notification settings' panel with 'Select the email notifications you wish to receive'.	jp-tosca/dv-modern-fc#21 (Account Information read-only - sibling account-area gap)	issue-created	https://github.com/jp-tosca/dv-modern-fc/issues/24	verified logged in 2026-09-17 at /modern/account?tab=notifications; screenshot 114-notifications-modern.png. Supersedes earlier record.	2026-09-17
145	Harvesting Clients	Create Harvesting Client (Step 1 - Info)	Confirmed absent: legacy 'Add Client' opens a 4-step Create Harvesting Client wizard (Step 1 of 4 - Client Information: Nickname, Source Name, Server Protocol OAI, Server URL, Local Dataverse, Custom HTTP Header). The SPA has no harvesting UI at all - the only 'harvest' matches in src/ are the homepage harvested-datasets metric.	jp-tosca/dv-modern-fc#5 (no SPA dashboard - prerequisite); #13 (harvesting server, sibling); #8 (Move Dataset, sibling dashboard tool). Nothing found upstream.	issue-created	https://github.com/jp-tosca/dv-modern-fc/issues/12	legacy verified in browser (screenshots 145-harvest-client-wizard-legacy.png, 155-harvest-server-legacy.png, 145-harvest-modern-404.png); SPA absence is auth-independent - no harvesting route exists in Route.enum.ts and any harvesting path 404s. No harvesting client or OAI set was created: /api/harvest/clients and /api/harvest/server/oaisets both returned empty afterwards.	2026-09-17
155	Harvesting Sets	Toggle Harvesting Server On/Off	Confirmed absent: legacy Manage Harvesting Server page exposes an 'OAI Server' enable/disable control (showing 'Disabled' here); the SPA has no harvesting-server route or component.	jp-tosca/dv-modern-fc#12 (harvesting clients, sibling); #5 (no SPA dashboard - prerequisite). Nothing found upstream.	issue-created	https://github.com/jp-tosca/dv-modern-fc/issues/13	legacy verified in browser (screenshots 145-harvest-client-wizard-legacy.png, 155-harvest-server-legacy.png, 145-harvest-modern-404.png); SPA absence is auth-independent - no harvesting route exists in Route.enum.ts and any harvesting path 404s. No harvesting client or OAI set was created: /api/harvest/clients and /api/harvest/server/oaisets both returned empty afterwards.	2026-09-17
170	Manage Users	Search Users	Confirmed absent: legacy /dashboard-users.xhtml lists all accounts with a 'Search these users...' box, Sort control, and columns ID/Username/Name/Email/Affiliation/Authentication/Roles(+Remove All)/Superuser. The SPA has no user-administration route or component; its only superuser references are read-only view checks.	IQSS/dataverse-frontend#258 (add graphical builtin-user creation - presupposes this page, depends on it); IQSS/dataverse#11336 (legacy superuser sort bug); jp-tosca/dv-modern-fc#5 (no SPA dashboard - prerequisite)	issue-created	https://github.com/jp-tosca/dv-modern-fc/issues/14	screenshots 170-manage-users-legacy.png, 170-manage-users-modern-404.png. Superuser checkbox and Remove All deliberately NOT clicked - this install has one account (dataverseAdmin) and revoking its roles/superuser status could have locked admin access out. SPA absence is auth-independent (route missing from Route.enum.ts).	2026-09-17
176	Superuser	Index All	Confirmed absent: legacy /superuser.xhtml offers 'Index All' and 'Check Status of Index All' with a status line ('No status available'); the SPA has no reindex route, component or strings.	jp-tosca/dv-modern-fc#14, #12, #13 (sibling superuser tooling gaps); #5 (no SPA dashboard). Nothing found upstream.	issue-created	https://github.com/jp-tosca/dv-modern-fc/issues/15	screenshots 176-superuser-indexall-legacy.png, 170-manage-users-modern-404.png. 'Index All' deliberately NOT clicked - it starts a full installation-wide Solr reindex, outside the read-only intent of this review.	2026-09-17
184	Dataverse Page	Blocked Publish Notice	Confirmed missing: publishing a collection whose parent is unpublished opens a Publish Collection modal reading only 'Are you sure you want to publish your collection? Once you do so it must remain published.' - no equivalent of legacy dataverse.publish.failed.tip.	jp-tosca/dv-modern-fc#23 (filed jointly with item 195)	issue-created	https://github.com/jp-tosca/dv-modern-fc/issues/23	verified logged in 2026-09-17 on gap-review-sub-184; screenshot 184-publish-collection-modern.png; Cancel used - sub-184 still unpublished. Supersedes earlier record.	2026-09-17
185	Dataverse Page	View Root Dataverse Download Metrics	Confirmed missing: legacy collection page shows a 'Metrics | 0 Downloads' panel above the description (verified on /dataverse/root); the SPA collection page shows only Contact and Share, with no metrics component under src/sections/collection/. The SPA's only metrics code is homepage-scoped (Metrics.tsx via useGetInstallationMetrics/dataverseHubRepository) and reports cross-installation Dataverse Hub aggregates, not this collection.	IQSS/dataverse-frontend#474 (metrics bar at sub-dataverse level - explicitly presupposes top-level collection metrics, so it depends on this); #779 (MDC metrics on SPA dataset page - dataset-level counterpart)	issue-created	https://github.com/jp-tosca/dv-modern-fc/issues/11	screenshots 185-collection-metrics-{legacy,modern}.png, same collection and 1522x779 window; SPA side verified logged out (the panel is visible to anonymous visitors in legacy too)	2026-09-17
187	Site Header	Sign Up	Confirmed missing: with :AllowSignUp=yes, the anonymous legacy header serves both a Sign Up link (/dataverseuser.xhtml?editMode=CREATE) and a Log In link; the SPA header (Header.tsx) renders only a LanguageSwitcher and an OIDC Log In button when there is no user. Route.SIGN_UP is used only for the OIDC 'valid token but not linked account' case and Route.SIGN_UP_JSF only from RequestAccessModal, so neither is reachable from the header.	IQSS/dataverse-frontend#652 (Keycloak theming - Login page, closed/completed) and #930 (closed) establish that the login page is delegated to a themed Keycloak page; #868 (closed) covers builtin-user SPA login problems. None is a duplicate.	issue-created	https://github.com/jp-tosca/dv-modern-fc/issues/10	screenshot 187-header-signup-modern.png (SPA header logged out). No legacy screenshot: this browser's legacy session is authenticated and the Sign Up link only renders for anonymous visitors; logging out was avoided because re-authenticating needs a password. Legacy evidence is therefore the anonymous server-rendered markup fetched with curl (no cookies), quoted in the issue.	2026-09-17
195	Dataset Page	Publish Blocked - Two Generations Unpublished	Confirmed divergent: with two unpublished ancestors (Root > QA Test Collection > Gap Review Subcollection 184 > dataset) the SPA shows legacy's single-parent .both wording, naming only the immediate parent and offering to publish both. Legacy has a distinct dataset.mayNotPublish.twoGenerations message naming both.	jp-tosca/dv-modern-fc#22; sibling row 194 is NOT a gap - the SPA matches dataset.mayNotPublish.both word for word	issue-created	https://github.com/jp-tosca/dv-modern-fc/issues/23	verified logged in 2026-09-17 on doi:10.5072/FK2/SSQN4W; screenshot 195-publish-blocked-twogen-modern.png; Cancel used, nothing published. Supersedes earlier record.	2026-09-17
202	Dataset Metadata	Add Replication Data Prefix	Confirmed missing: legacy renders an 'Add Replication Data for to Title' button under the Title field on the create-dataset form (editMode==CREATE); the SPA create-dataset form has no such control and there is no 'replication' match under src/ or public/locales/.	None found upstream	issue-created	https://github.com/jp-tosca/dv-modern-fc/issues/25	both sides verified in browser 2026-09-17; screenshots 202-replication-prefix-legacy.png, 189-create-dataset-modern.png. Supersedes earlier record.	2026-09-17
230	Error Pages	403 Forbidden Page	Confirmed divergent: legacy maps 403 -> /403.xhtml ('Not Authorized' plus a support contact link) in web.xml; the SPA has no 403 route and routes every non-404 failure to a single status-agnostic ErrorPage reading 'Oops, something went wrong...'	None found upstream for SPA 403/500 pages; sibling row 178 (404 static fallback) is NOT a gap - NotFoundPage covers it	issue-created	https://github.com/jp-tosca/dv-modern-fc/issues/9	screenshots 230-error-403-legacy.png, 231-error-500-legacy.png and 230-error-modern-404only.png. The SPA's generic ErrorPage could not be triggered on demand in a dev build, so the issue quotes ErrorPage.tsx and errorPage.json instead and labels the modern screenshot explicitly as the 404 path, not the 403/500 path.	2026-09-17
231	Error Pages	500 Internal Server Error Page	Confirmed divergent: legacy maps 500 -> /500.xhtml ('Internal Server Error - An unexpected error was encountered, no more information is available.'); the SPA has no 500 route and shows the same generic 'Oops, something went wrong...' page as for any other failure. Filed together with the 403 gap in one issue.	Filed jointly with item 230 in jp-tosca/dv-modern-fc#9	issue-created	https://github.com/jp-tosca/dv-modern-fc/issues/9	same evidence set as item 230; one issue covers both status codes because the SPA collapses them into a single generic error page	2026-09-17
